step	loss	lr	timestamp
50	0.06119394302368164	1.25e-05	1761151927
100	0.02548188716173172	2.5e-05	1761151950
150	0.03347684442996979	3.7500000000000003e-05	1761151973
200	0.029516220092773438	5e-05	1761151997
250	0.07958162575960159	4.999987563713415e-05	1761152020
300	0.02811327576637268	4.999950254977389e-05	1761152044
350	0.030404914170503616	4.999888074163108e-05	1761152067
400	0.03106951341032982	4.99980102188921e-05	1761152091
450	0.060236796736717224	4.9996890990217804e-05	1761152115
500	0.11131784319877625	4.999552306674344e-05	1761152138
550	0.03559825196862221	4.999390646207852e-05	1761152162
600	0.029972821474075317	4.999204119230669e-05	1761152185
650	0.038926512002944946	4.998992727598557e-05	1761152208
700	0.16149434447288513	4.9987564734146566e-05	1761152232
750	0.02809986285865307	4.9984953590294694e-05	1761152255
800	0.05490522086620331	4.998209387040829e-05	1761152279
850	0.045532550662755966	4.997898560293879e-05	1761152302
900	0.03940289840102196	4.9975628818810446e-05	1761152326
950	0.023092737421393394	4.997202355141999e-05	1761152349
1000	0.028810013085603714	4.9968169836636345e-05	1761152372
1050	0.028253324329853058	4.996406771280023e-05	1761152396
1100	0.04102090001106262	4.9959717220723784e-05	1761152419
1150	0.10424955189228058	4.995511840369019e-05	1761152442
1200	0.036249615252017975	4.995027130745321e-05	1761152466
1250	0.033498458564281464	4.994517598023675e-05	1761152490
1300	0.042482078075408936	4.9939832472734367e-05	1761152513
1350	0.0757962167263031	4.993424083810877e-05	1761152536
1400	0.04082773998379707	4.9928401131991305e-05	1761152560
1450	0.06560675799846649	4.992231341248137e-05	1761152583
1500	0.03887282311916351	4.9915977740145865e-05	1761152607
1550	0.08133654296398163	4.990939417801859e-05	1761152630
1600	0.03755149245262146	4.9902562791599576e-05	1761152654
1650	0.04393700510263443	4.989548364885451e-05	1761152677
1700	0.06622058898210526	4.9888156820213974e-05	1761152701
1750	0.04311574995517731	4.988058237857281e-05	1761152724
1800	0.09516624361276627	4.987276039928936e-05	1761152748
1850	0.05689059942960739	4.986469096018472e-05	1761152771
1900	0.023756109178066254	4.985637414154197e-05	1761152795
1950	0.024982407689094543	4.9847810026105394e-05	1761152818
2000	0.06837821006774902	4.9838998699079625e-05	1761152842
2050	0.046119146049022675	4.9829940248128806e-05	1761152866
2100	0.034393489360809326	4.982063476337574e-05	1761152890
2150	0.040699221193790436	4.9811082337400964e-05	1761152913
2200	0.05850597843527794	4.980128306524183e-05	1761152937
2250	0.02735203132033348	4.979123704439161e-05	1761152960
2300	0.018351182341575623	4.9780944374798435e-05	1761152984
2350	0.06014831364154816	4.977040515886439e-05	1761153007
2400	0.03816940635442734	4.975961950144444e-05	1761153031
2450	0.019297504797577858	4.97485875098454e-05	1761153055
2500	0.03396351635456085	4.973730929382489e-05	1761153078
2550	0.0227537639439106	4.9725784965590205e-05	1761153102
2600	0.03153882920742035	4.971401463979721e-05	1761153126
2650	0.05363660678267479	4.970199843354925e-05	1761153149
2700	0.044509150087833405	4.968973646639589e-05	1761153173
2750	0.046272262930870056	4.96772288603318e-05	1761153196
2800	0.04071204364299774	4.966447573979553e-05	1761153220
2850	0.0398714542388916	4.965147723166824e-05	1761153244
2900	0.02316221222281456	4.963823346527248e-05	1761153268
2950	0.037854332476854324	4.9624744572370865e-05	1761153291
3000	0.04052997753024101	4.961101068716477e-05	1761153315
3050	0.05050113424658775	4.9597031946293036e-05	1761153339
3100	0.09570896625518799	4.9582808488830565e-05	1761153362
3150	0.062239356338977814	4.956834045628695e-05	1761153386
3200	0.045869339257478714	4.9553627992605066e-05	1761153410
3250	0.15479470789432526	4.9538671244159654e-05	1761153434
3300	0.09949323534965515	4.952347035975583e-05	1761153457
3350	0.02223421260714531	4.950802549062764e-05	1761153481
3400	0.15433703362941742	4.949233679043655e-05	1761153504
3450	0.06921888887882233	4.947640441526989e-05	1761153528
3500	0.05366995558142662	4.946022852363932e-05	1761153551
3550	0.05830325931310654	4.944380927647927e-05	1761153575
3600	0.029900532215833664	4.9427146837145314e-05	1761153599
3650	0.15816739201545715	4.9410241371412525e-05	1761153623
3700	0.04047831892967224	4.939309304747391e-05	1761153646
3750	0.0379057303071022	4.9375702035938606e-05	1761153669
3800	0.015593254007399082	4.9358068509830334e-05	1761153693
3850	0.060901034623384476	4.934019264458555e-05	1761153716
3900	0.04153337702155113	4.932207461805175e-05	1761153740
3950	0.09498844295740128	4.930371461048571e-05	1761153763
4000	0.030908167362213135	4.928511280455169e-05	1761153787
4050	0.04543369263410568	4.9266269385319606e-05	1761153811
4100	0.06000504642724991	4.924718454026318e-05	1761153835
4150	0.06683091819286346	4.92278584592581e-05	1761153858
4200	0.10253247618675232	4.9208291334580104e-05	1761153882
4250	0.04023196920752525	4.918848336090309e-05	1761153905
4300	0.010817816480994225	4.9168434735297173e-05	1761153929
4350	0.019464200362563133	4.914814565722671e-05	1761153952
4400	0.037631332874298096	4.912761632854833e-05	1761153976
4450	0.0483119897544384	4.910684695350895e-05	1761154000
4500	0.07200407981872559	4.9085837738743645e-05	1761154024
4550	0.08603385090827942	4.906458889327374e-05	1761154048
4600	0.08040499687194824	4.9043100628504625e-05	1761154071
4650	0.02378443256020546	4.902137315822365e-05	1761154095
4700	0.026009978726506233	4.8999406698598074e-05	1761154119
4750	0.05496068298816681	4.8977201468172835e-05	1761154142
4800	0.04228050634264946	4.8954757687868426e-05	1761154166
4850	0.0572933554649353	4.893207558097866e-05	1761154190
4900	0.019074052572250366	4.8909155373168516e-05	1761154214
4950	0.020703447982668877	4.8885997292471774e-05	1761154237
5000	0.08129926025867462	4.886260156928888e-05	1761154261
5050	0.07503490895032883	4.883896843638456e-05	1761154285
5100	0.032579436898231506	4.881509812888555e-05	1761154309
5150	0.06607547402381897	4.879099088427824e-05	1761154332
5200	0.030621901154518127	4.87666469424063e-05	1761154356
5250	0.055304110050201416	4.874206654546833e-05	1761154380
5300	0.05892166495323181	4.8717249938015415e-05	1761154404
5350	0.08294554054737091	4.869219736694871e-05	1761154427
5400	0.03128502145409584	4.866690908151698e-05	1761154451
5450	0.07228787988424301	4.86413853333141e-05	1761154475
5500	0.03550998866558075	4.8615626376276627e-05	1761154498
5550	0.0888250470161438	4.858963246668113e-05	1761154523
5600	0.059715092182159424	4.856340386314182e-05	1761154546
5650	0.09730300307273865	4.8536940826607814e-05	1761154570
5700	0.07056336104869843	4.851024362036064e-05	1761154594
5750	0.09224516898393631	4.84833125100116e-05	1761154618
5800	0.03898201137781143	4.845614776349908e-05	1761154642
5850	0.07838215678930283	4.842874965108595e-05	1761154665
5900	0.056401871144771576	4.840111844535682e-05	1761154689
5950	0.05819167196750641	4.837325442121538e-05	1761154713
6000	0.08431829512119293	4.834515785588161e-05	1761154736
6050	0.08545013517141342	4.831682902888907e-05	1761154761
6100	0.04489685595035553	4.828826822208209e-05	1761154784
6150	0.07939985394477844	4.8259475719612954e-05	1761154808
6200	0.06436623632907867	4.8230451807939135e-05	1761154832
6250	0.021573210135102272	4.8201196775820364e-05	1761154855
6300	0.06690368801355362	4.8171710914315816e-05	1761154879
6350	0.022446781396865845	4.8141994516781196e-05	1761154903
6400	0.07036584615707397	4.8112047878865805e-05	1761154926
6450	0.022061316296458244	4.808187129850963e-05	1761154950
6500	0.09243626892566681	4.8051465075940336e-05	1761154974
6550	0.10804234445095062	4.802082951367034e-05	1761154998
6600	0.029323695227503777	4.7989964916493736e-05	1761155021
6650	0.034334469586610794	4.7958871591483303e-05	1761155045
6700	0.10758863389492035	4.792754984798745e-05	1761155068
6750	0.07049951702356339	4.789599999762712e-05	1761155092
6800	0.1171339750289917	4.786422235429269e-05	1761155115
6850	0.19082896411418915	4.783221723414086e-05	1761155139
6900	0.13237640261650085	4.7799984955591515e-05	1761155163
6950	0.044826656579971313	4.776752583932454e-05	1761155186
7000	0.1150008887052536	4.773484020827663e-05	1761155210
7050	0.0582965724170208	4.7701928387638084e-05	1761155234
7100	0.024077896028757095	4.766879070484956e-05	1761155258
7150	0.0494222417473793	4.763542748959886e-05	1761155282
7200	0.02866717427968979	4.760183907381757e-05	1761155305
7250	0.06706704199314117	4.756802579167781e-05	1761155329
7300	0.07295528799295425	4.7533987979588935e-05	1761155353
7350	0.10359413921833038	4.7499725976194125e-05	1761155377
7400	0.022517964243888855	4.746524012236706e-05	1761155401
7450	0.13192343711853027	4.7430530761208494e-05	1761155424
7500	0.015150198712944984	4.73955982380429e-05	1761155448
7550	0.10367757081985474	4.736044290041495e-05	1761155472
7600	0.05394784361124039	4.732506509808615e-05	1761155496
7650	0.02868887223303318	4.728946518303127e-05	1761155520
7700	0.039533354341983795	4.725364350943492e-05	1761155544
7750	0.2904909551143646	4.721760043368797e-05	1761155568
7800	0.019555792212486267	4.718133631438404e-05	1761155592
7850	0.18364663422107697	4.714485151231593e-05	1761155615
7900	0.07725480198860168	4.7108146390471966e-05	1761155639
7950	0.061943359673023224	4.707122131403251e-05	1761155663
8000	0.020043417811393738	4.703407665036622e-05	1761155687
8050	0.15700356662273407	4.699671276902645e-05	1761155711
8100	0.24759948253631592	4.6959130041747534e-05	1761155735
8150	0.048997290432453156	4.6921328842441125e-05	1761155759
8200	0.1038433313369751	4.6883309547192476e-05	1761155783
8250	0.03061387687921524	4.6845072534256667e-05	1761155807
8300	0.03719930350780487	4.680661818405485e-05	1761155831
8350	0.1211172565817833	4.676794687917048e-05	1761155855
8400	0.06775130331516266	4.6729059004345497e-05	1761155878
8450	0.06500829756259918	4.668995494647653e-05	1761155903
8500	0.06816239655017853	4.665063509461097e-05	1761155926
8550	0.04783794283866882	4.661109983994318e-05	1761155951
8600	0.06623367220163345	4.657134957581057e-05	1761155975
8650	0.06385423988103867	4.6531384697689684e-05	1761155999
8700	0.038985684514045715	4.649120560319225e-05	1761156022
8750	0.05372699350118637	4.645081269206128e-05	1761156046
8800	0.05873410031199455	4.641020636616701e-05	1761156070
8850	0.031793106347322464	4.6369387029502965e-05	1761156094
8900	0.06593956053256989	4.6328355088181915e-05	1761156118
8950	0.03409337252378464	4.6287110950431865e-05	1761156142
9000	0.18512970209121704	4.6245655026591936e-05	1761156166
9050	0.06528261303901672	4.6203987729108334e-05	1761156190
9100	0.03298782557249069	4.616210947253021e-05	1761156214
9150	0.02273484691977501	4.612002067350557e-05	1761156238
9200	0.02038693055510521	4.607772175077711e-05	1761156261
9250	0.07848545163869858	4.603521312517806e-05	1761156286
9300	0.02302663028240204	4.599249521962795e-05	1761156309
9350	0.048035986721515656	4.59495684591285e-05	1761156333
9400	0.030173614621162415	4.5906433270759294e-05	1761156357
9450	0.08769707381725311	4.586309008367359e-05	1761156380
9500	0.06501711905002594	4.581953932909403e-05	1761156404
9550	0.02710512839257717	4.577578144030833e-05	1761156428
9600	0.05364421755075455	4.573181685266502e-05	1761156452
9650	0.028628438711166382	4.568764600356905e-05	1761156476
9700	0.0323813259601593	4.564326933247752e-05	1761156500
9750	0.04109744727611542	4.55986872808952e-05	1761156524
9800	0.028077615424990654	4.555390029237026e-05	1761156547
9850	0.12038697302341461	4.550890881248972e-05	1761156571
9900	0.13540443778038025	4.546371328887515e-05	1761156595
9950	0.05521984398365021	4.541831417117815e-05	1761156619
10000	0.20001406967639923	4.537271191107585e-05	1761156643
10050	0.028117654845118523	4.532690696226648e-05	1761156667
10100	0.07662026584148407	4.528089978046481e-05	1761156691
10150	0.06498496234416962	4.5234690823397647e-05	1761156715
10200	0.02976895123720169	4.518828055079925e-05	1761156739
10250	0.12206126004457474	4.5141669424406784e-05	1761156763
10300	0.0276036337018013	4.509485790795571e-05	1761156786
10350	0.05672450363636017	4.504784646717517e-05	1761156810
10400	0.10443992912769318	4.500063556978337e-05	1761156834
10450	0.048236049711704254	4.4953225685482904e-05	1761156858
10500	0.09678061306476593	4.49056172859561e-05	1761156882
10550	0.07583411782979965	4.485781084486032e-05	1761156906
10600	0.07207168638706207	4.4809806837823255e-05	1761156930
10650	0.02322671003639698	4.476160574243816e-05	1761156954
10700	0.038855671882629395	4.471320803825915e-05	1761156978
10750	0.13723772764205933	4.4664614206796403e-05	1761157002
10800	0.06058057025074959	4.461582473151137e-05	1761157026
10850	0.0762127935886383	4.4566840097811954e-05	1761157050
10900	0.03809267282485962	4.4517660793047736e-05	1761157074
10950	0.05032937228679657	4.4468287306505045e-05	1761157098
11000	0.0611439011991024	4.441872012940214e-05	1761157121
11050	0.0354028195142746	4.4368959754884324e-05	1761157146
11100	0.0336933434009552	4.431900667801901e-05	1761157169
11150	0.19874094426631927	4.426886139579083e-05	1761157193
11200	0.051776595413684845	4.421852440709666e-05	1761157217
11250	0.18498750030994415	4.4167996212740684e-05	1761157241
11300	0.09167371690273285	4.4117277315429366e-05	1761157265
11350	0.0441538468003273	4.406636821976652e-05	1761157289
11400	0.15869282186031342	4.401526943224822e-05	1761157313
11450	0.04162677749991417	4.39639814612578e-05	1761157337
11500	0.04652607440948486	4.391250481706078e-05	1761157361
11550	0.09276539087295532	4.386084001179981e-05	1761157385
11600	0.09718822687864304	4.380898755948953e-05	1761157409
11650	0.04020389914512634	4.375694797601153e-05	1761157433
11700	0.07804136723279953	4.370472177910914e-05	1761157457
11750	0.03857888653874397	4.365230948838232e-05	1761157481
11800	0.0578932985663414	4.359971162528247e-05	1761157504
11850	0.052477531135082245	4.354692871310729e-05	1761157528
11900	0.04684942960739136	4.349396127699552e-05	1761157552
11950	0.047063857316970825	4.3440809843921725e-05	1761157576
12000	0.09780929982662201	4.3387474942691054e-05	1761157600
12050	0.03740299865603447	4.333395710393402e-05	1761157625
12100	0.06342954933643341	4.328025686010117e-05	1761157648
12150	0.028975119814276695	4.322637474545778e-05	1761157672
12200	0.1653134822845459	4.3172311296078595e-05	1761157696
12250	0.026666222140192986	4.311806704984246e-05	1761157720
12300	0.03944980353116989	4.306364254642697e-05	1761157744
12350	0.034405115991830826	4.30090383273031e-05	1761157768
12400	0.0434725284576416	4.295425493572982e-05	1761157792
12450	0.06074424833059311	4.28992929167487e-05	1761157816
12500	0.2359165996313095	4.284415281717847e-05	1761157840
12550	0.16197706758975983	4.278883518560961e-05	1761157864
12600	0.04515914246439934	4.273334057239884e-05	1761157888
12650	0.10415816307067871	4.267766952966369e-05	1761157912
12700	0.05772670358419418	4.2621822611277e-05	1761157936
12750	0.09624345600605011	4.2565800372861394e-05	1761157959
12800	0.05832405388355255	4.250960337178377e-05	1761157983
12850	0.02095334231853485	4.2453232167149724e-05	1761158007
12900	0.048247434198856354	4.2396687319798026e-05	1761158031
12950	0.031653206795454025	4.233996939229502e-05	1761158055
13000	0.05408373102545738	4.228307894892902e-05	1761158079
13050	0.05309873819351196	4.2226016555704716e-05	1761158103
13100	0.14728054404258728	4.216878278033753e-05	1761158127
13150	0.04267328232526779	4.211137819224796e-05	1761158150
13200	0.013169780373573303	4.205380336255594e-05	1761158174
13250	0.02720993012189865	4.199605886407515e-05	1761158198
13300	0.12177478522062302	4.193814527130727e-05	1761158222
13350	0.072076216340065	4.188006316043633e-05	1761158245
13400	0.03840411454439163	4.1821813109322974e-05	1761158269
13450	0.09140285849571228	4.176339569749865e-05	1761158293
13500	0.038552723824977875	4.1704811506159904e-05	1761158317
13550	0.057017214596271515	4.1646061118162554e-05	1761158341
13600	0.015333980321884155	4.1587145118015945e-05	1761158365
13650	0.16526833176612854	4.1528064091877096e-05	1761158389
13700	0.023356109857559204	4.1468818627544845e-05	1761158413
13750	0.049172550439834595	4.1409409314454065e-05	1761158437
13800	0.048128459602594376	4.1349836743669734e-05	1761158461
13850	0.053445108234882355	4.129010150788112e-05	1761158484
13900	0.07119747996330261	4.123020420139583e-05	1761158508
13950	0.048751264810562134	4.11701454201339e-05	1761158532
14000	0.12222880125045776	4.1109925761621925e-05	1761158556
14050	0.03275308758020401	4.104954582498705e-05	1761158581
14100	0.06622885167598724	4.0989006210951014e-05	1761158604
14150	0.01914679817855358	4.092830752182422e-05	1761158628
14200	0.06117984652519226	4.08674503614997e-05	1761158652
14250	0.06664232909679413	4.080643533544713e-05	1761158676
14300	0.04407995566725731	4.0745263050706784e-05	1761158700
14350	0.024088893085718155	4.068393411588352e-05	1761158724
14400	0.056373633444309235	4.0622449141140687e-05	1761158748
14450	0.07471947371959686	4.0560808738194114e-05	1761158772
14500	0.03763572499155998	4.0499013520305975e-05	1761158796
14550	0.04195902496576309	4.043706410227869e-05	1761158820
14600	0.04945085570216179	4.037496110044884e-05	1761158844
14650	0.038072410970926285	4.0312705132681014e-05	1761158868
14700	0.04225122928619385	4.0250296818361647e-05	1761158892
14750	0.051858898252248764	4.018773677839289e-05	1761158916
14800	0.08854424208402634	4.012502563518641e-05	1761158939
14850	0.05462833493947983	4.00621640126572e-05	1761158964
14900	0.045161906629800797	3.999915253621739e-05	1761158988
14950	0.03240819275379181	3.993599183277001e-05	1761159012
15000	0.08263255655765533	3.987268253070273e-05	1761159035
15050	0.0322309210896492	3.980922525988167e-05	1761159060
15100	0.05285269021987915	3.974562065164504e-05	1761159084
15150	0.0808543860912323	3.9681869338796996e-05	1761159107
15200	0.0656118243932724	3.961797195560118e-05	1761159131
15250	0.0830298662185669	3.9553929137774544e-05	1761159156
15300	0.03409234434366226	3.9489741522480945e-05	1761159179
15350	0.035831697285175323	3.942540974832485e-05	1761159203
15400	0.030430704355239868	3.936093445534498e-05	1761159227
15450	0.04282297194004059	3.9296316285007887e-05	1761159251
15500	0.06311912834644318	3.9231555880201655e-05	1761159275
15550	0.08436545729637146	3.9166653885229434e-05	1761159299
15600	0.0949631929397583	3.910161094580309e-05	1761159323
15650	0.027681734412908554	3.90364277090367e-05	1761159347
15700	0.11120103299617767	3.897110482344024e-05	1761159371
15750	0.055542584508657455	3.890564293891297e-05	1761159395
15800	0.12092673778533936	3.8840042706737114e-05	1761159419
15850	0.04119594767689705	3.87743047795713e-05	1761159443
15900	0.040987301617860794	3.870842981144409e-05	1761159467
15950	0.08145800232887268	3.864241845774746e-05	1761159491
16000	0.06097985804080963	3.857627137523031e-05	1761159515
16050	0.040077827870845795	3.850998922199189e-05	1761159540
16100	0.07682719826698303	3.8443572657475304e-05	1761159563
16150	0.03537270054221153	3.837702234246088e-05	1761159587
16200	0.05136200785636902	3.8310338939059644e-05	1761159611
16250	0.13718314468860626	3.8243523110706736e-05	1761159635
16300	0.057092659175395966	3.817657552215479e-05	1761159659
16350	0.03510201722383499	3.810949683946733e-05	1761159683
16400	0.0405387319624424	3.804228773001212e-05	1761159707
16450	0.09677915275096893	3.797494886245456e-05	1761159731
16500	0.0608997717499733	3.7907480906751014e-05	1761159755
16550	0.09400316327810287	3.7839884534142154e-05	1761159779
16600	0.0880495011806488	3.7772160417146265e-05	1761159803
16650	0.05281870439648628	3.770430922955257e-05	1761159827
16700	0.03662829101085663	3.7636331646414524e-05	1761159851
16750	0.11892218887805939	3.756822834404308e-05	1761159875
16800	0.12338021397590637	3.7500000000000003e-05	1761159899
16850	0.08667707443237305	3.743164729309108e-05	1761159923
16900	0.07679912447929382	3.736317090335937e-05	1761159947
16950	0.036933206021785736	3.7294571512078506e-05	1761159971
17000	0.10987654328346252	3.7225849801745835e-05	1761159994
17050	0.10370160639286041	3.7157006456075654e-05	1761160019
17100	0.05032319203019142	3.708804215999244e-05	1761160042
17150	0.04198909550905228	3.701895759962397e-05	1761160066
17200	0.04779485613107681	3.694975346229458e-05	1761160090
17250	0.04272416606545448	3.688043043651824e-05	1761160114
17300	0.09357676655054092	3.6810989211991774e-05	1761160138
17350	0.03955548256635666	3.6741430479587956e-05	1761160162
17400	0.05475760996341705	3.6671754931348644e-05	1761160186
17450	0.0241037979722023	3.6601963260477924e-05	1761160210
17500	0.01429955754429102	3.6532056161335147e-05	1761160234
17550	0.0376586876809597	3.64620343294281e-05	1761160258
17600	0.040851250290870667	3.639189846140604e-05	1761160282
17650	0.05257099121809006	3.632164925505277e-05	1761160306
17700	0.05131024122238159	3.625128740927971e-05	1761160330
17750	0.06655295193195343	3.61808136241189e-05	1761160354
17800	0.05175507813692093	3.61102286007161e-05	1761160378
17850	0.03790288418531418	3.603953304132378e-05	1761160402
17900	0.1065685898065567	3.596872764929413e-05	1761160426
17950	0.03693139925599098	3.589781312907207e-05	1761160449
18000	0.03619120642542839	3.5826790186188216e-05	1761160473
18050	0.04869018495082855	3.575565952725193e-05	1761160498
18100	0.08510106801986694	3.5684421859944214e-05	1761160522
18150	0.03822578489780426	3.5613077893010705e-05	1761160546
18200	0.07171627134084702	3.55416283362546e-05	1761160570
18250	0.04970068112015724	3.5470073900529655e-05	1761160594
18300	0.0322418212890625	3.5398415297733034e-05	1761160618
18350	0.024129411205649376	3.532665324079828e-05	1761160642
18400	0.09852858632802963	3.5254788443688184e-05	1761160666
18450	0.03321932256221771	3.518282162138772e-05	1761160690
18500	0.03791686147451401	3.511075348989692e-05	1761160714
18550	0.04091399908065796	3.503858476622374e-05	1761160738
18600	0.043712496757507324	3.49663161683769e-05	1761160762
18650	0.06012904644012451	3.48939484153588e-05	1761160786
18700	0.11785095185041428	3.482148222715835e-05	1761160810
18750	0.07516665756702423	3.474891832474376e-05	1761160834
18800	0.04327784478664398	3.4676257430055434e-05	1761160858
18850	0.047605618834495544	3.4603500265998725e-05	1761160882
18900	0.0278424434363842	3.453064755643679e-05	1761160906
18950	0.05428619310259819	3.4457700026183374e-05	1761160930
19000	0.05217905342578888	3.4384658400995604e-05	1761160954
19050	0.04158458858728409	3.431152340756672e-05	1761160979
19100	0.06416196376085281	3.4238295773518924e-05	1761161003
19150	0.09714896976947784	3.4164976227396095e-05	1761161027
19200	0.08610652387142181	3.409156549865654e-05	1761161051
19250	0.06525254249572754	3.401806431766574e-05	1761161075
19300	0.1558234989643097	3.394447341568911e-05	1761161099
19350	0.03651880472898483	3.387079352488467e-05	1761161123
19400	0.03706691786646843	3.379702537829583e-05	1761161147
19450	0.03715352341532707	3.3723169709844026e-05	1761161171
19500	0.030629629269242287	3.364922725432147e-05	1761161195
19550	0.02077273651957512	3.3575198747383815e-05	1761161219
19600	0.025073599070310593	3.350108492554284e-05	1761161243
19650	0.04882191866636276	3.342688652615913e-05	1761161267
19700	0.022220322862267494	3.335260428743475e-05	1761161291
19750	0.09079879522323608	3.327823894840583e-05	1761161315
19800	0.028649458661675453	3.320379124893534e-05	1761161339
19850	0.02458873763680458	3.3129261929705594e-05	1761161363
19900	0.04882276803255081	3.305465173221099e-05	1761161387
19950	0.06221194565296173	3.297996139875055e-05	1761161411
20000	0.05231525003910065	3.29051916724206e-05	1761161435
20050	0.03891298547387123	3.283034329710734e-05	1761161459
20100	0.04106907546520233	3.275541701747942e-05	1761161483
20150	0.02446513995528221	3.2680413578980625e-05	1761161507
20200	0.12116655707359314	3.260533372782234e-05	1761161531
20250	0.025304794311523438	3.253017821097619e-05	1761161555
20300	0.07096216082572937	3.2454947776166636e-05	1761161579
20350	0.08732335269451141	3.2379643171863475e-05	1761161603
20400	0.07166963815689087	3.230426514727439e-05	1761161627
20450	0.024917971342802048	3.222881445233759e-05	1761161651
20500	0.04449626803398132	3.2153291837714214e-05	1761161675
20550	0.10823554545640945	3.2077698054780996e-05	1761161699
20600	0.05222117900848389	3.200203385562268e-05	1761161723
20650	0.18049192428588867	3.192629999302459e-05	1761161747
20700	0.021189633756875992	3.185049722046516e-05	1761161771
20750	0.06471161544322968	3.1774626292108375e-05	1761161795
20800	0.05739789828658104	3.169868796279634e-05	1761161818
20850	0.028366705402731895	3.1622682988041695e-05	1761161843
20900	0.012442626990377903	3.154661212402017e-05	1761161867
20950	0.0396605059504509	3.147047612756302e-05	1761161890
21000	0.04679829627275467	3.139427575614951e-05	1761161914
21050	0.05424083396792412	3.131801176789934e-05	1761161939
21100	0.03327260538935661	3.124168492156517e-05	1761161963
21150	0.037704333662986755	3.116529597652505e-05	1761161986
21200	0.029058290645480156	3.10888456927748e-05	1761162010
21250	0.02525646612048149	3.101233483092056e-05	1761162035
21300	0.051880843937397	3.09357641521711e-05	1761162059
21350	0.10018973052501678	3.085913441833037e-05	1761162083
21400	0.02614675462245941	3.078244639178983e-05	1761162106
21450	0.046918001025915146	3.0705700835520895e-05	1761162131
21500	0.06569774448871613	3.0628898513067353e-05	1761162154
21550	0.024623136967420578	3.0552040188537755e-05	1761162179
21600	0.056272365152835846	3.0475126626597827e-05	1761162203
21650	0.060040414333343506	3.0398158592462845e-05	1761162227
21700	0.18531477451324463	3.0321136851890036e-05	1761162251
21750	0.045667100697755814	3.0244062171170946e-05	1761162275
21800	0.050216205418109894	3.0166935317123823e-05	1761162299
21850	0.06537369638681412	3.0089757057086016e-05	1761162323
21900	0.03797304630279541	3.0012528158906282e-05	1761162347
21950	0.05021506920456886	2.9935249390937183e-05	1761162371
22000	0.02040632627904415	2.9857921522027444e-05	1761162395
22050	0.10606047511100769	2.9780545321514307e-05	1761162419
22100	0.02518976479768753	2.9703121559215845e-05	1761162443
22150	0.07156553864479065	2.9625651005423348e-05	1761162467
22200	0.12332717329263687	2.9548134430893604e-05	1761162491
22250	0.028581885620951653	2.9470572606841297e-05	1761162515
22300	0.11158004403114319	2.939296630493128e-05	1761162539
22350	0.05342807620763779	2.9315316297270923e-05	1761162563
22400	0.0387595072388649	2.923762335640242e-05	1761162587
22450	0.039389319717884064	2.9159888255295116e-05	1761162611
22500	0.04898671433329582	2.908211176733781e-05	1761162635
22550	0.03538253903388977	2.9004294666331068e-05	1761162660
22600	0.08979254215955734	2.8926437726479477e-05	1761162684
22650	0.030561169609427452	2.884854172238403e-05	1761162707
22700	0.08921067416667938	2.8770607429034352e-05	1761162731
22750	0.1278631091117859	2.8692635621800994e-05	1761162755
22800	0.047231003642082214	2.8614627076427775e-05	1761162779
22850	0.022740064188838005	2.8536582569023962e-05	1761162803
22900	0.0478845089673996	2.8458502876056674e-05	1761162827
22950	0.061910536140203476	2.838038877434304e-05	1761162851
23000	0.07217386364936829	2.8302241041042565e-05	1761162875
23050	0.06828534603118896	2.8224060453649315e-05	1761162899
23100	0.06205073744058609	2.814584778998424e-05	1761162923
23150	0.021245107054710388	2.8067603828187444e-05	1761162947
23200	0.01324348896741867	2.7989329346710375e-05	1761162971
23250	0.06606914103031158	2.7911025124308142e-05	1761162995
23300	0.21762099862098694	2.783269194003175e-05	1761163019
23350	0.159420907497406	2.775433057322034e-05	1761163043
23400	0.11239874362945557	2.7675941803493434e-05	1761163067
23450	0.048848703503608704	2.759752641074322e-05	1761163091
23500	0.06793681532144547	2.751908517512671e-05	1761163115
23550	0.019560284912586212	2.7440618877058065e-05	1761163139
23600	0.04881850630044937	2.7362128297200785e-05	1761163163
23650	0.05290994793176651	2.7283614216459936e-05	1761163187
23700	0.03474416211247444	2.7205077415974416e-05	1761163211
23750	0.06495849788188934	2.712651867710914e-05	1761163235
23800	0.11550749093294144	2.7047938781447315e-05	1761163259
23850	0.02633550576865673	2.696933851078261e-05	1761163283
23900	0.09282350540161133	2.6890718647111422e-05	1761163307
23950	0.14883768558502197	2.6812079972625077e-05	1761163331
24000	0.033664606511592865	2.673342326970204e-05	1761163355
24050	0.04883008450269699	2.6654749320900168e-05	1761163380
24100	0.11225321888923645	2.6576058908948877e-05	1761163404
24150	0.059509165585041046	2.6497352816741362e-05	1761163427
24200	0.04488687589764595	2.6418631827326857e-05	1761163452
24250	0.04594940319657326	2.6339896723902774e-05	1761163475
24300	0.13093489408493042	2.626114828980697e-05	1761163499
24350	0.12997284531593323	2.6182387308509924e-05	1761163523
24400	0.03169440105557442	2.610361456360693e-05	1761163547
24450	0.04096054285764694	2.602483083881035e-05	1761163572
24500	0.07375559955835342	2.5946036917941762e-05	1761163596
24550	0.03312499076128006	2.5867233584924184e-05	1761163620
24600	0.049158960580825806	2.578842162377429e-05	1761163644
24650	0.0419464148581028	2.570960181859458e-05	1761163668
24700	0.07354936003684998	2.563077495356561e-05	1761163692
24750	0.03215940669178963	2.5551941812938167e-05	1761163716
24800	0.04405589774250984	2.5473103181025476e-05	1761163740
24850	0.08070774376392365	2.539425984219539e-05	1761163764
24900	0.10096248984336853	2.5315412580862596e-05	1761163788
24950	0.05928025022149086	2.5236562181480794e-05	1761163812
25000	0.04672268405556679	2.5157709428534936e-05	1761163836
25050	0.04100051522254944	2.507885510653335e-05	1761163860
25100	0.059720512479543686	2.5e-05	1761163884
25150	0.04638468101620674	2.4921144893466658e-05	1761163908
25200	0.14005273580551147	2.484229057146507e-05	1761163932
25250	0.055366724729537964	2.4763437818519205e-05	1761163956
25300	0.02187313884496689	2.468458741913741e-05	1761163980
25350	0.07211579382419586	2.460574015780462e-05	1761164004
25400	0.06725625693798065	2.4526896818974533e-05	1761164028
25450	0.04016983509063721	2.4448058187061835e-05	1761164052
25500	0.09577585756778717	2.4369225046434392e-05	1761164076
25550	0.09049907326698303	2.4290398181405426e-05	1761164100
25600	0.059217460453510284	2.4211578376225716e-05	1761164124
25650	0.07704317569732666	2.413276641507582e-05	1761164148
25700	0.1358693689107895	2.4053963082058244e-05	1761164172
25750	0.21242263913154602	2.3975169161189647e-05	1761164196
25800	0.11072452366352081	2.3896385436393075e-05	1761164220
25850	0.07062442600727081	2.3817612691490088e-05	1761164244
25900	0.03629367798566818	2.373885171019304e-05	1761164267
25950	0.03875606507062912	2.3660103276097232e-05	1761164291
26000	0.03813549131155014	2.3581368172673152e-05	1761164315
26050	0.05641941726207733	2.3502647183258644e-05	1761164340
26100	0.06686624139547348	2.3423941091051126e-05	1761164364
26150	0.0521567165851593	2.334525067909983e-05	1761164388
26200	0.043716564774513245	2.3266576730297956e-05	1761164412
26250	0.026283450424671173	2.3187920027374936e-05	1761164436
26300	0.05465492606163025	2.310928135288859e-05	1761164460
26350	0.030406396836042404	2.3030661489217397e-05	1761164484
26400	0.03259693831205368	2.295206121855269e-05	1761164508
26450	0.03111244924366474	2.2873481322890862e-05	1761164532
26500	0.08310087025165558	2.279492258402559e-05	1761164556
26550	0.11430750042200089	2.2716385783540066e-05	1761164580
26600	0.06743118166923523	2.263787170279922e-05	1761164604
26650	0.028108492493629456	2.2559381122941934e-05	1761164628
26700	0.08579127490520477	2.2480914824873297e-05	1761164652
26750	0.17661944031715393	2.2402473589256793e-05	1761164676
26800	0.04370710998773575	2.232405819650657e-05	1761164700
26850	0.029625963419675827	2.2245669426779666e-05	1761164725
26900	0.04376910626888275	2.2167308059968254e-05	1761164749
26950	0.0895380973815918	2.2088974875691863e-05	1761164773
27000	0.03950004279613495	2.2010670653289624e-05	1761164797
27050	0.05315655469894409	2.193239617181256e-05	1761164821
27100	0.030599668622016907	2.1854152210015758e-05	1761164845
27150	0.20945964753627777	2.1775939546350697e-05	1761164869
27200	0.05230630934238434	2.1697758958957448e-05	1761164893
27250	0.052741579711437225	2.1619611225656962e-05	1761164917
27300	0.048635080456733704	2.154149712394333e-05	1761164941
27350	0.045669667422771454	2.146341743097604e-05	1761164965
27400	0.05264100432395935	2.1385372923572234e-05	1761164989
27450	0.06520994007587433	2.1307364378199005e-05	1761165013
27500	0.06431160867214203	2.1229392570965657e-05	1761165037
27550	0.09327557682991028	2.115145827761598e-05	1761165062
27600	0.0852142944931984	2.1073562273520536e-05	1761165086
27650	0.0380953773856163	2.0995705333668948e-05	1761165110
27700	0.03546956181526184	2.0917888232662196e-05	1761165134
27750	0.037740472704172134	2.084011174470489e-05	1761165158
27800	0.3899959623813629	2.0762376643597582e-05	1761165182
27850	0.11022599041461945	2.0684683702729086e-05	1761165206
27900	0.09876633435487747	2.060703369506873e-05	1761165230
27950	0.016920192167162895	2.0529427393158705e-05	1761165254
28000	0.023391522467136383	2.0451865569106405e-05	1761165278
28050	0.029038622975349426	2.0374348994576665e-05	1761165302
28100	0.0951421856880188	2.029687844078416e-05	1761165326
28150	0.02317240461707115	2.02194546784857e-05	1761165350
28200	0.04609806835651398	2.014207847797256e-05	1761165374
28250	0.04555255174636841	2.0064750609062827e-05	1761165398
28300	0.0351654514670372	1.9987471841093724e-05	1761165422
28350	0.036519598215818405	1.9910242942913986e-05	1761165446
28400	0.039544541388750076	1.9833064682876176e-05	1761165470
28450	0.046087928116321564	1.9755937828829067e-05	1761165494
28500	0.03322416543960571	1.9678863148109977e-05	1761165518
28550	0.052412889897823334	1.9601841407537158e-05	1761165542
28600	0.03851318359375	1.952487337340218e-05	1761165566
28650	0.04867659509181976	1.944795981146225e-05	1761165590
28700	0.060511305928230286	1.937110148693265e-05	1761165614
28750	0.06687420606613159	1.929429916447911e-05	1761165638
28800	0.04330715909600258	1.9217553608210177e-05	1761165662
28850	0.07820542901754379	1.9140865581669627e-05	1761165686
28900	0.04489866644144058	1.906423584782891e-05	1761165710
28950	0.07550594210624695	1.8987665169079454e-05	1761165734
29000	0.03493868187069893	1.8911154307225203e-05	1761165758
29050	0.029142089188098907	1.8834704023474958e-05	1761165783
29100	0.18352597951889038	1.8758315078434828e-05	1761165807
29150	0.03476151078939438	1.8681988232100674e-05	1761165831
29200	0.08046963065862656	1.8605724243850502e-05	1761165855
29250	0.05287693813443184	1.852952387243698e-05	1761165879
29300	0.043576568365097046	1.8453387875979834e-05	1761165903
29350	0.029767729341983795	1.8377317011958317e-05	1761165927
29400	0.03995395824313164	1.8301312037203676e-05	1761165951
29450	0.03950536251068115	1.822537370789163e-05	1761165975
29500	0.1273869276046753	1.814950277953485e-05	1761165999
29550	0.020046420395374298	1.8073700006975417e-05	1761166024
29600	0.025730833411216736	1.7997966144377325e-05	1761166048
29650	0.11109736561775208	1.7922301945219006e-05	1761166072
29700	0.06537240743637085	1.7846708162285785e-05	1761166096
29750	0.07506782561540604	1.7771185547662416e-05	1761166120
29800	0.14904271066188812	1.7695734852725622e-05	1761166144
29850	0.014048798941075802	1.7620356828136538e-05	1761166168
29900	0.08886399865150452	1.754505222383337e-05	1761166192
29950	0.08127255737781525	1.7469821789023815e-05	1761166216
30000	0.13525089621543884	1.739466627217767e-05	1761166240
30050	0.2160615622997284	1.731958642101938e-05	1761166265
30100	0.04937762767076492	1.724458298252058e-05	1761166289
30150	0.0464162603020668	1.716965670289267e-05	1761166313
30200	0.04783555120229721	1.70948083275794e-05	1761166337
30250	0.023242071270942688	1.7020038601249458e-05	1761166361
30300	0.1336382031440735	1.6945348267789026e-05	1761166384
30350	0.1069319099187851	1.6870738070294412e-05	1761166408
30400	0.020747315138578415	1.679620875106467e-05	1761166432
30450	0.04409477859735489	1.672176105159417e-05	1761166457
30500	0.06670282781124115	1.6647395712565256e-05	1761166480
30550	0.049947306513786316	1.6573113473840864e-05	1761166505
30600	0.07616383582353592	1.6498915074457157e-05	1761166529
30650	0.13971856236457825	1.6424801252616184e-05	1761166553
30700	0.2552635371685028	1.635077274567854e-05	1761166576
30750	0.12643086910247803	1.627683029015598e-05	1761166600
30800	0.024198036640882492	1.6202974621704175e-05	1761166624
30850	0.05899924412369728	1.6129206475115333e-05	1761166649
30900	0.2682434916496277	1.60555265843109e-05	1761166673
30950	0.1213141605257988	1.5981935682334264e-05	1761166696
31000	0.04296343773603439	1.5908434501343468e-05	1761166720
31050	0.11991368234157562	1.5835023772603908e-05	1761166745
31100	0.04176834225654602	1.576170422648108e-05	1761166769
31150	0.044492438435554504	1.5688476592433287e-05	1761166793
31200	0.14890971779823303	1.561534159900441e-05	1761166817
31250	0.04989277571439743	1.5542299973816628e-05	1761166841
31300	0.026834625750780106	1.5469352443563213e-05	1761166865
31350	0.07493375241756439	1.539649973400128e-05	1761166889
31400	0.056340448558330536	1.5323742569944572e-05	1761166913
31450	0.036397453397512436	1.525108167525624e-05	1761166937
31500	0.0679800808429718	1.5178517772841655e-05	1761166961
31550	0.07606440782546997	1.5106051584641207e-05	1761166985
31600	0.09885726869106293	1.5033683831623114e-05	1761167009
31650	0.08576725423336029	1.4961415233776272e-05	1761167034
31700	0.17069977521896362	1.4889246510103077e-05	1761167058
31750	0.11092399060726166	1.4817178378612281e-05	1761167082
31800	0.029513172805309296	1.4745211556311821e-05	1761167106
31850	0.04780729115009308	1.4673346759201729e-05	1761167130
31900	0.08728159964084625	1.4601584702266969e-05	1761167154
31950	0.06204375624656677	1.4529926099470348e-05	1761167178
32000	0.05367736890912056	1.4458371663745401e-05	1761167202
32050	0.05262312665581703	1.4386922106989309e-05	1761167227
32100	0.09984995424747467	1.431557814005579e-05	1761167251
32150	0.012982139363884926	1.4244340472748075e-05	1761167275
32200	0.03904591500759125	1.4173209813811788e-05	1761167299
32250	0.08822161704301834	1.4102186870927935e-05	1761167323
32300	0.048668958246707916	1.4031272350705871e-05	1761167347
32350	0.02109842747449875	1.3960466958676221e-05	1761167371
32400	0.10112066566944122	1.3889771399283902e-05	1761167395
32450	0.06149992346763611	1.381918637588112e-05	1761167419
32500	0.01960063725709915	1.3748712590720304e-05	1761167443
32550	0.10663507878780365	1.3678350744947233e-05	1761167467
32600	0.04902368038892746	1.3608101538593965e-05	1761167491
32650	0.0861976370215416	1.3537965670571906e-05	1761167515
32700	0.07404905557632446	1.3467943838664863e-05	1761167539
32750	0.02766130492091179	1.3398036739522087e-05	1761167563
32800	0.1292380690574646	1.3328245068651348e-05	1761167587
32850	0.04870299622416496	1.3258569520412039e-05	1761167611
32900	0.04425996169447899	1.3189010788008233e-05	1761167635
32950	0.044438332319259644	1.311956956348177e-05	1761167659
33000	0.06428730487823486	1.3050246537705424e-05	1761167683
33050	0.1462525725364685	1.2981042400376031e-05	1761167707
33100	0.07228443026542664	1.2911957840007568e-05	1761167731
33150	0.1313580721616745	1.2842993543924348e-05	1761167755
33200	0.023305265232920647	1.277415019825417e-05	1761167779
33250	0.11392974108457565	1.2705428487921498e-05	1761167804
33300	0.08206162601709366	1.2636829096640627e-05	1761167828
33350	0.14975619316101074	1.2568352706908937e-05	1761167852
33400	0.03870920091867447	1.2500000000000006e-05	1761167876
33450	0.11849099397659302	1.2431771655956925e-05	1761167900
33500	0.07916899025440216	1.2363668353585487e-05	1761167924
33550	0.07696398347616196	1.2295690770447429e-05	1761167948
33600	0.03347048908472061	1.2227839582853737e-05	1761167972
33650	0.031476400792598724	1.216011546585785e-05	1761167996
33700	0.05837111175060272	1.2092519093248988e-05	1761168020
33750	0.02734222263097763	1.2025051137545449e-05	1761168044
33800	0.027932247146964073	1.195771226998789e-05	1761168068
33850	0.02982022613286972	1.1890503160532678e-05	1761168092
33900	0.02669849433004856	1.1823424477845213e-05	1761168116
33950	0.08701157569885254	1.1756476889293269e-05	1761168140
34000	0.05888935178518295	1.1689661060940366e-05	1761168164
34050	0.027260348200798035	1.1622977657539133e-05	1761168189
34100	0.07254523038864136	1.1556427342524698e-05	1761168213
34150	0.033119358122348785	1.1490010778008106e-05	1761168237
34200	0.06662609428167343	1.1423728624769695e-05	1761168261
34250	0.02864712104201317	1.1357581542252555e-05	1761168285
34300	0.07202301919460297	1.1291570188555919e-05	1761168309
34350	0.2556595206260681	1.1225695220428703e-05	1761168333
34400	0.061565376818180084	1.1159957293262888e-05	1761168357
34450	0.059866469353437424	1.1094357061087033e-05	1761168381
34500	0.09879937767982483	1.1028895176559767e-05	1761168405
34550	0.0403955839574337	1.0963572290963298e-05	1761168430
34600	0.10161998867988586	1.089838905419691e-05	1761168454
34650	0.05073939263820648	1.0833346114770561e-05	1761168478
34700	0.033559978008270264	1.0768444119798357e-05	1761168502
34750	0.07965779304504395	1.0703683714992121e-05	1761168525
34800	0.09998542070388794	1.0639065544655033e-05	1761168549
34850	0.05714470148086548	1.0574590251675145e-05	1761168574
34900	0.07527269423007965	1.0510258477519058e-05	1761168598
34950	0.04611867666244507	1.0446070862225463e-05	1761168621
35000	0.05956749618053436	1.0382028044398822e-05	1761168645
35050	0.05522776395082474	1.031813066120301e-05	1761168670
35100	0.10686083883047104	1.0254379348354956e-05	1761168693
35150	0.06642481684684753	1.0190774740118343e-05	1761168717
35200	0.15904048085212708	1.0127317469297277e-05	1761168741
35250	0.137764111161232	1.0064008167229998e-05	1761168766
35300	0.020717602223157883	1.0000847463782615e-05	1761168790
35350	0.025208160281181335	9.9378359873428e-06	1761168813
35400	0.09480103105306625	9.874974364813594e-06	1761168837
35450	0.034955695271492004	9.812263221607112e-06	1761168861
35500	0.014893639832735062	9.749703181638356e-06	1761168885
35550	0.11913647502660751	9.687294867319e-06	1761168910
35600	0.032054439187049866	9.625038899551161e-06	1761168934
35650	0.10802673548460007	9.562935897721315e-06	1761168958
35700	0.05670563876628876	9.500986479694036e-06	1761168982
35750	0.09476672857999802	9.439191261805893e-06	1761169006
35800	0.11695419251918793	9.377550858859324e-06	1761169030
35850	0.03349245339632034	9.316065884116495e-06	1761169054
35900	0.034070856869220734	9.254736949293215e-06	1761169078
35950	0.03286018595099449	9.19356466455287e-06	1761169102
36000	0.030781397596001625	9.132549638500307e-06	1761169126
36050	0.062307342886924744	9.071692478175789e-06	1761169150
36100	0.06055794656276703	9.010993789048997e-06	1761169174
36150	0.09735365211963654	8.950454175012957e-06	1761169198
36200	0.16081549227237701	8.890074238378074e-06	1761169222
36250	0.01139959879219532	8.8298545798661e-06	1761169246
36300	0.11514299362897873	8.76979579860418e-06	1761169270
36350	0.07363524287939072	8.709898492118884e-06	1761169294
36400	0.028974391520023346	8.65016325633027e-06	1761169318
36450	0.09684035927057266	8.590590685545946e-06	1761169343
36500	0.026445455849170685	8.531181372455161e-06	1761169367
36550	0.05990982800722122	8.471935908122913e-06	1761169391
36600	0.0933317095041275	8.412854881984055e-06	1761169415
36650	0.0606054849922657	8.353938881837445e-06	1761169439
36700	0.0983804315328598	8.295188493840104e-06	1761169463
36750	0.26005518436431885	8.236604302501352e-06	1761169487
36800	0.0511169470846653	8.178186890677029e-06	1761169511
36850	0.07302246987819672	8.119936839563669e-06	1761169535
36900	0.048224326223134995	8.061854728692738e-06	1761169559
36950	0.06100652366876602	8.003941135924858e-06	1761169583
37000	0.033620383590459824	7.94619663744406e-06	1761169607
37050	0.06491561979055405	7.888621807752042e-06	1761169631
37100	0.12150651216506958	7.83121721966248e-06	1761169655
37150	0.09782814979553223	7.77398344429529e-06	1761169679
37200	0.03777997940778732	7.71692105107098e-06	1761169703
37250	0.11691664159297943	7.660030607704979e-06	1761169728
37300	0.07142317295074463	7.603312680201971e-06	1761169751
37350	0.056810446083545685	7.546767832850282e-06	1761169775
37400	0.019234802573919296	7.490396628216237e-06	1761169799
37450	0.11222914606332779	7.434199627138602e-06	1761169823
37500	0.062279414385557175	7.378177388723001e-06	1761169847
37550	0.023201458156108856	7.3223304703363135e-06	1761169871
37600	0.09126293659210205	7.266659427601169e-06	1761169895
37650	0.07070368528366089	7.211164814390398e-06	1761169920
37700	0.042063239961862564	7.155847182821523e-06	1761169944
37750	0.06795582920312881	7.100707083251299e-06	1761169967
37800	0.059638794511556625	7.0457450642701876e-06	1761169991
37850	0.10135528445243835	6.990961672696908e-06	1761170015
37900	0.03764694929122925	6.936357453573036e-06	1761170039
37950	0.09089557826519012	6.881932950157538e-06	1761170063
38000	0.17476552724838257	6.827688703921406e-06	1761170087
38050	0.0630076453089714	6.773625254542227e-06	1761170112
38100	0.10235296934843063	6.71974313989884e-06	1761170136
38150	0.05214345455169678	6.666042896065983e-06	1761170160
38200	0.044310104101896286	6.612525057308949e-06	1761170184
38250	0.0637076273560524	6.559190156078285e-06	1761170208
38300	0.09194917231798172	6.506038723004484e-06	1761170232
38350	0.09813322126865387	6.453071286892709e-06	1761170256
38400	0.056290045380592346	6.400288374717533e-06	1761170280
38450	0.0440090075135231	6.347690511617693e-06	1761170304
38500	0.04283247888088226	6.2952782208908625e-06	1761170328
38550	0.01545423548668623	6.2430520239884685e-06	1761170353
38600	0.04777859151363373	6.1910124405104686e-06	1761170377
38650	0.17758652567863464	6.139159988200197e-06	1761170401
38700	0.07416500151157379	6.0874951829392234e-06	1761170425
38750	0.14043909311294556	6.036018538742208e-06	1761170449
38800	0.01885915920138359	5.984730567751787e-06	1761170473
38850	0.030427973717451096	5.933631780233484e-06	1761170497
38900	0.05276672542095184	5.882722684570638e-06	1761170521
38950	0.0718492940068245	5.832003787259327e-06	1761170545
39000	0.06201662868261337	5.781475592903338e-06	1761170569
39050	0.0765736848115921	5.731138604209169e-06	1761170593
39100	0.04859679937362671	5.6809933219809905e-06	1761170617
39150	0.04357902333140373	5.631040245115687e-06	1761170641
39200	0.051058702170848846	5.581279870597867e-06	1761170665
39250	0.04969077184796333	5.531712693494956e-06	1761170689
39300	0.026271995157003403	5.482339206952264e-06	1761170713
39350	0.10486790537834167	5.4331599021880425e-06	1761170737
39400	0.05941064655780792	5.3841752684886395e-06	1761170761
39450	0.047741178423166275	5.335385793203604e-06	1761170785
39500	0.03171543776988983	5.2867919617408556e-06	1761170809
39550	0.022447921335697174	5.238394257561843e-06	1761170833
39600	0.1265830546617508	5.190193162176754e-06	1761170857
39650	0.10334956645965576	5.1421891551396844e-06	1761170882
39700	0.020081356167793274	5.094382714043907e-06	1761170906
39750	0.1379816234111786	5.046774314517108e-06	1761170930
39800	0.03319118916988373	4.999364430216638e-06	1761170954
39850	0.04473014548420906	4.952153532824835e-06	1761170978
39900	0.1517983078956604	4.905142092044296e-06	1761171002
39950	0.07122866809368134	4.85833057559322e-06	1761171025
40000	0.04453187435865402	4.811719449200755e-06	1761171049
40050	0.0544113963842392	4.765309176602359e-06	1761171074
40100	0.06205213814973831	4.719100219535194e-06	1761171098
40150	0.1197328269481659	4.673093037733528e-06	1761171122
40200	0.041759662330150604	4.627288088924156e-06	1761171146
40250	0.06265998631715775	4.581685828821858e-06	1761171170
40300	0.047240570187568665	4.536286711124846e-06	1761171194
40350	0.033284906297922134	4.491091187510283e-06	1761171218
40400	0.12509742379188538	4.44609970762975e-06	1761171242
40450	0.01561737060546875	4.401312719104802e-06	1761171266
40500	0.07666691392660141	4.35673066752249e-06	1761171290
40550	0.07539977133274078	4.312353996430948e-06	1761171315
40600	0.05568336695432663	4.268183147334989e-06	1761171339
40650	0.021313488483428955	4.2242185596916755e-06	1761171363
40700	0.19209343194961548	4.180460670905978e-06	1761171387
40750	0.03366263210773468	4.136909916326412e-06	1761171411
40800	0.036882586777210236	4.093566729240708e-06	1761171435
40850	0.03650696575641632	4.050431540871499e-06	1761171459
40900	0.007500466890633106	4.007504780372057e-06	1761171483
40950	0.048463545739650726	3.964786874821955e-06	1761171507
41000	0.04639461264014244	3.922278249222894e-06	1761171531
41050	0.08554434776306152	3.879979326494429e-06	1761171556
41100	0.03243190050125122	3.837890527469793e-06	1761171580
41150	0.039765484631061554	3.7960122708916716e-06	1761171604
41200	0.047824736684560776	3.754344973408064e-06	1761171628
41250	0.1848166584968567	3.7128890495681355e-06	1761171652
41300	0.08648234605789185	3.671644911818084e-06	1761171676
41350	0.06539656966924667	3.630612970497044e-06	1761171700
41400	0.059283822774887085	3.5897936338329997e-06	1761171724
41450	0.04441762715578079	3.5491873079387256e-06	1761171748
41500	0.041909195482730865	3.508794396807749e-06	1761171772
41550	0.03973250091075897	3.4686153023103215e-06	1761171796
41600	0.025479860603809357	3.428650424189428e-06	1761171820
41650	0.06787452101707458	3.388900160056821e-06	1761171844
41700	0.05423194169998169	3.3493649053890326e-06	1761171868
41750	0.020397767424583435	3.310045053523475e-06	1761171892
41800	0.09322173148393631	3.2709409956545062e-06	1761171916
41850	0.03687167167663574	3.2320531208295258e-06	1761171940
41900	0.04503091052174568	3.1933818159451566e-06	1761171964
41950	0.04667007923126221	3.1549274657433375e-06	1761171988
42000	0.032670170068740845	3.1166904528075246e-06	1761172012
42050	0.06913533806800842	3.0786711575588767e-06	1761172037
42100	0.023301923647522926	3.0408699582524735e-06	1761172061
42150	0.028658326715230942	3.003287230973553e-06	1761172085
42200	0.051902253180742264	2.9659233496337786e-06	1761172109
42250	0.045815590769052505	2.9287786859674953e-06	1761172133
42300	0.02077999711036682	2.891853609528039e-06	1761172157
42350	0.03605899214744568	2.855148487684081e-06	1761172181
42400	0.027735214680433273	2.8186636856159603e-06	1761172205
42450	0.15468540787696838	2.7823995663120327e-06	1761172229
42500	0.057905472815036774	2.7463564905650858e-06	1761172253
42550	0.07458826899528503	2.710534816968735e-06	1761172277
42600	0.10190525650978088	2.6749349019138586e-06	1761172301
42650	0.026751141995191574	2.6395570995850465e-06	1761172325
42700	0.02461244910955429	2.6044017619571065e-06	1761172349
42750	0.05654999241232872	2.569469238791508e-06	1761172374
42800	0.0908648669719696	2.53475987763295e-06	1761172398
42850	0.05892257019877434	2.500274023805882e-06	1761172422
42900	0.04822178930044174	2.4660120204110653e-06	1761172446
42950	0.04967665672302246	2.431974208322191e-06	1761172470
43000	0.03752892091870308	2.3981609261824383e-06	1761172494
43050	0.07118956744670868	2.364572510401142e-06	1761172518
43100	0.014606473967432976	2.3312092951504353e-06	1761172542
43150	0.032621465623378754	2.298071612361921e-06	1761172566
43200	0.045913808047771454	2.265159791723373e-06	1761172590
43250	0.053648486733436584	2.2324741606754627e-06	1761172615
43300	0.035733550786972046	2.2000150444084876e-06	1761172639
43350	0.07517870515584946	2.167782765859147e-06	1761172663
43400	0.08325104415416718	2.135777645707318e-06	1761172687
43450	0.04081331193447113	2.104000002372886e-06	1761172711
43500	0.1687789261341095	2.0724501520125506e-06	1761172735
43550	0.05553096905350685	2.041128408516696e-06	1761172759
43600	0.13209252059459686	2.0100350835062705e-06	1761172783
43650	0.08101265132427216	1.979170486329662e-06	1761172807
43700	0.14833906292915344	1.9485349240596613e-06	1761172831
43750	0.025128625333309174	1.9181287014903738e-06	1761172855
43800	0.07815270125865936	1.8879521211341955e-06	1761172879
43850	0.08726377785205841	1.8580054832188055e-06	1761172903
43900	0.18874455988407135	1.8282890856841845e-06	1761172927
43950	0.06198115646839142	1.7988032241796376e-06	1761172951
44000	0.10199856758117676	1.7695481920608715e-06	1761172975
44050	0.04315023869276047	1.7405242803870486e-06	1761172999
44100	0.07887448370456696	1.7117317779179216e-06	1761173023
44150	0.09346304833889008	1.6831709711109339e-06	1761173047
44200	0.026396237313747406	1.6548421441183875e-06	1761173071
44250	0.07831966876983643	1.626745578784622e-06	1761173095
44300	0.05576864257454872	1.5988815546431808e-06	1761173119
44350	0.02205377258360386	1.5712503489140578e-06	1761173143
44400	0.34714382886886597	1.5438522365009257e-06	1761173167
44450	0.02783372439444065	1.5166874899884053e-06	1761173192
44500	0.03981436789035797	1.4897563796393593e-06	1761173216
44550	0.04496767744421959	1.4630591733921894e-06	1761173240
44600	0.044741757214069366	1.4365961368581842e-06	1761173264
44650	0.03758741170167923	1.4103675333188682e-06	1761173288
44700	0.026583870872855186	1.3843736237233784e-06	1761173312
44750	0.13505396246910095	1.3586146666858924e-06	1761173336
44800	0.11520593613386154	1.3330909184830265e-06	1761173360
44850	0.013295858167111874	1.3078026330512943e-06	1761173384
44900	0.051568396389484406	1.2827500619845918e-06	1761173408
44950	0.01769845187664032	1.2579334545316733e-06	1761173432
45000	0.030937209725379944	1.233353057593703e-06	1761173456
45050	0.11147275567054749	1.2090091157217654e-06	1761173481
45100	0.06470039486885071	1.1849018711144494e-06	1761173505
45150	0.0743267834186554	1.161031563615439e-06	1761173529
45200	0.05262918770313263	1.137398430711123e-06	1761173553
45250	0.06919917464256287	1.114002707528225e-06	1761173577
45300	0.4034668803215027	1.0908446268314887e-06	1761173601
45350	0.0637761577963829	1.0679244190213378e-06	1761173625
45400	0.04435287415981293	1.0452423121315835e-06	1761173649
45450	0.1012268215417862	1.0227985318271682e-06	1761173673
45500	0.04498246684670448	1.0005933014019308e-06	1761173697
45550	0.05596689134836197	9.786268417763505e-07	1761173721
45600	0.02098555862903595	9.568993714953818e-07	1761173745
45650	0.09954679012298584	9.354111067262584e-07	1761173770
45700	0.06029881164431572	9.141622612563571e-07	1761173794
45750	0.15574052929878235	8.931530464910604e-07	1761173818
45800	0.10138016939163208	8.723836714516681e-07	1761173842
45850	0.07746899873018265	8.51854342773295e-07	1761173866
45900	0.09670683741569519	8.315652647028327e-07	1761173889
45950	0.022285491228103638	8.115166390969125e-07	1761173913
46000	0.039117008447647095	7.917086654198991e-07	1761173937
46050	0.012129349634051323	7.721415407419025e-07	1761173962
46100	0.1909191757440567	7.528154597368192e-07	1761173986
46150	0.021713986992836	7.337306146803946e-07	1761174010
46200	0.07234108448028564	7.148871954483105e-07	1761174034
46250	0.008502255193889141	6.962853895142923e-07	1761174058
46300	0.10967142134904861	6.779253819482578e-07	1761174082
46350	0.06777572631835938	6.598073554144574e-07	1761174106
46400	0.045038435608148575	6.419314901696671e-07	1761174130
46450	0.04554826021194458	6.242979640613933e-07	1761174154
46500	0.05555354058742523	6.069069525261011e-07	1761174178
46550	0.09200082719326019	5.897586285874751e-07	1761174202
46600	0.05971866101026535	5.728531628546946e-07	1761174226
46650	0.027933983132243156	5.561907235207303e-07	1761174250
46700	0.04712875932455063	5.397714763606843e-07	1761174274
46750	0.05369347333908081	5.235955847301161e-07	1761174298
46800	0.06140933558344841	5.076632095634525e-07	1761174322
46850	0.05249529331922531	4.919745093723588e-07	1761174347
46900	0.10743064433336258	4.765296402441749e-07	1761174371
46950	0.13531708717346191	4.613287558403512e-07	1761174395
47000	0.13626404106616974	4.463720073949351e-07	1761174419
47050	0.08920839428901672	4.316595437130505e-07	1761174443
47100	0.16663500666618347	4.171915111694319e-07	1761174467
47150	0.035645537078380585	4.0296805370696466e-07	1761174491
47200	0.07116337865591049	3.8898931283523344e-07	1761174515
47250	0.17377296090126038	3.752554276291426e-07	1761174540
47300	0.04809483885765076	3.617665347275201e-07	1761174564
47350	0.08470574766397476	3.485227683317577e-07	1761174588
47400	0.06837430596351624	3.355242602044728e-07	1761174612
47450	0.0808822363615036	3.227711396682015e-07	1761174636
47500	0.040443092584609985	3.10263533604116e-07	1761174660
47550	0.047478362917900085	2.980015664507535e-07	1761174684
47600	0.2976178526878357	2.8598536020278677e-07	1761174708
47650	0.0491875559091568	2.742150344097999e-07	1761174732
47700	0.08268465101718903	2.626907061751116e-07	1761174756
47750	0.052507176995277405	2.514124901545983e-07	1761174780
47800	0.02931201085448265	2.4038049855556186e-07	1761174804
47850	0.03621313348412514	2.295948411356108e-07	1761174828
47900	0.12690919637680054	2.1905562520156686e-07	1761174852
47950	0.06596339493989944	2.0876295560839364e-07	1761174876
48000	0.05012879520654678	1.9871693475816965e-07	1761174900
48050	0.14391294121742249	1.8891766259904186e-07	1761174925
48100	0.07265043258666992	1.7936523662426262e-07	1761174949
48150	0.05599670857191086	1.7005975187119326e-07	1761174973
48200	0.014310390688478947	1.6100130092037703e-07	1761174997
48250	0.10886158049106598	1.5218997389460644e-07	1761175021
48300	0.03847774118185043	1.4362585845802968e-07	1761175045
48350	0.07547691464424133	1.3530903981528453e-07	1761175069
48400	0.04538651183247566	1.2723960071064357e-07	1761175092
48450	0.057521604001522064	1.194176214271897e-07	1761175117
48500	0.022278020158410072	1.1184317978602809e-07	1761175141
48550	0.14566826820373535	1.0451635114549497e-07	1761175165
48600	0.06824418902397156	9.743720840042491e-08	1761175189
48650	0.06937629729509354	9.06058219814182e-08	1761175213
48700	0.023960577324032784	8.402225985413848e-08	1761175237
48750	0.09336499869823456	7.768658751863556e-08	1761175261
48800	0.032505013048648834	7.159886800869875e-08	1761175285
48850	0.08529231697320938	6.575916189122955e-08	1761175309
48900	0.07606640458106995	6.016752726563656e-08	1761175333
48950	0.048972416669130325	5.4824019763252685e-08	1761175357
49000	0.050485365092754364	4.9728692546791024e-08	1761175381
49050	0.07290832698345184	4.4881596309812036e-08	1761175406
49100	0.08748461306095123	4.0282779276218374e-08	1761175430
49150	0.02614276111125946	3.593228719977471e-08	1761175454
49200	0.055848557502031326	3.1830163363655296e-08	1761175478
49250	0.05189848691225052	2.797644858000825e-08	1761175502
49300	0.026029400527477264	2.437118118955861e-08	1761175526
49350	0.021541133522987366	2.1014397061211444e-08	1761175550
49400	0.04310615360736847	1.790612959171323e-08	1761175574
49450	0.15994849801063538	1.504640970531046e-08	1761175598
49500	0.02901267632842064	1.2435265853436017e-08	1761175622
49550	0.16685983538627625	1.0072724014437152e-08	1761175647
49600	0.05910550802946091	7.95880769331181e-09	1761175671
49650	0.06614368408918381	6.093537921478265e-09	1761175695
49700	0.07440006732940674	4.4769332565558485e-09	1761175719
49750	0.02165963500738144	3.1090097821956377e-09	1761175743
49800	0.03399791568517685	1.9897811079055972e-09	1761175767
49850	0.019173528999090195	1.1192583689256796e-09	1761175791
49900	0.0709000825881958	4.974502261112512e-10	1761175815
49950	0.022012820467352867	1.2436286584982527e-10	1761175839
50000	0.04027310758829117	0.0	1761175863
